-- Create the databases
CREATE DATABASE ms_companymanager;
CREATE DATABASE ms_authentication;
CREATE DATABASE ms_aiservice;

-- Switch to the ms_aiservice database
\connect ms_aiservice


CREATE TABLE public.sales_pitch (
                                    salespitch_id bigint NOT NULL,
                                    created_at timestamp(6) without time zone,
                                    created_by character varying(255),
                                    updated_at timestamp(6) without time zone,
                                    updated_by character varying(255),
                                    company_id bigint,
                                    is_complete boolean NOT NULL,
                                    prompt character varying(20480),
                                    sales_pitch character varying(20480),
                                    workspace_id bigint
);


ALTER TABLE public.sales_pitch OWNER TO postgres;

--
-- Name: sales_pitch_salespitch_id_seq; Type: SEQUENCE; Schema: public; Owner: postgres
--

ALTER TABLE public.sales_pitch ALTER COLUMN salespitch_id ADD GENERATED BY DEFAULT AS IDENTITY (
    SEQUENCE NAME public.sales_pitch_salespitch_id_seq
    START WITH 1
    INCREMENT BY 1
    NO MINVALUE
    NO MAXVALUE
    CACHE 1
    );


--
-- Data for Name: sales_pitch; Type: TABLE DATA; Schema: public; Owner: postgres
--

INSERT INTO public.sales_pitch VALUES (1, '2024-12-12 11:25:19.873973', 'system', '2024-12-12 11:25:19.905566', 'system', 2, true, 'You are now going to generate a sales pitch for me. It should be written in English, and you should only provide me with the sales pitch and nothing more. The pitch is going to be sent via e-mail to a company called HEL V AS. The product sold has the following description: Selling courses in Microservices to IT businesses. Further, this is the activity of the company selling to: Bedriftsrådgivning og annen administrativ rådgivning..', 'No API key provided', 1);
INSERT INTO public.sales_pitch VALUES (2, '2024-12-12 11:26:13.452699', 'system', '2024-12-12 11:26:30.320904', 'system', 2, true, 'You are now going to generate a sales pitch for me. It should be written in English, and you should only provide me with the sales pitch and nothing more. The pitch is going to be sent via e-mail to a company called HEL V AS. The product sold has the following description: Selling courses in Microservices to IT businesses. Further, this is the activity of the company selling to: Bedriftsrådgivning og annen administrativ rådgivning..', 'Subject: Empower Your IT Business with Robust Microservices Knowledge

Dear HEL V AS Team,

I hope this message finds you well and thriving in your endeavours. Our shared commitment to providing top-notch business advisory and administrative guidance is the reason I bring you an outstanding offering from our portfolio.

Introducing our highly acclaimed Microservices Courses. Tailored with precision for vibrant IT businesses such as yours, these courses are designed to boost your competency in this popular architectural approach, enabling you to efficiently develop and manage complex software systems.

As you may know, Microservices architecture is the backbone of the modern IT industry. It paves the way for building applications as a suite of small services, each running in its process and communicating via light-weight mechanisms. But that''s not all! It supports various languages and technologies, thus providing your business with the versatility that leads to innovation.

Our courses stand on three strong pillars: Empirical Learning, Industry Expertise and Practical Application. Our curriculum is updated to meet the latest industry standards, and our faculty are skilled professionals who have direct experience in the field. Moreover, we ensure that you get ample hands-on experience to cement your knowledge and confidently implement your learning in real-life situations.

Here''s a sneak peek into the impactful benefits that our Microservices courses bring to your team:

1. Enhanced Scalability: Equip your business with the ability to scale swiftly based on the need of specific services.
2. Increased Speed & Productivity: Decreases complexity, boosting your team''s development speed and productivity.
3. Robustness & Flexibility: The modular structure promotes adaptability, ensuring your systems are resilient even when changes are made.

Our goal is to empower your team with the right skillsets to be at the forefront of the IT business landscape. By investing in these Microservices courses, you''re strengthening your commitment to deliver unmatched services to your clients and driving the growth and scalability of your business.

Invest in your business''s future with our Microservices courses. Tap into the game-changing field of Microservices to craft a road to success in the IT industry.

We sincerely look forward to contributing to your growth and prosperity. Please feel free to contact us for any further information regarding the courses or to schedule a callback.

Best Regards,
[Your Name]
[Your Position]
', 1);
INSERT INTO public.sales_pitch VALUES (3, '2024-12-12 11:33:20.860348', 'system', '2024-12-12 11:33:40.203116', 'system', 1, true, 'You are now going to generate a sales pitch for me. It should be written in English, and you should only provide me with the sales pitch and nothing more. The pitch is going to be sent via e-mail to a company called KRI INVESTIMENTOS AS. The product sold has the following description: Selling courses in Microservices to IT businesses. Further, this is the activity of the company selling to: Rådgiving for, samt direkte investeringer i, børsnoterte og privateselskaper i og utenfor Norge. Rådgivingen skal være av strategisk artog hjelpe selskapet med å vokse i internasjonale markeder, med fokuspå Europa, USA og Sør-Amerika. Mer spesifikt, skal rådgivingen være innen salg, finansiering,markedsføring, strategi, organisasjonsbygging og internasjonalisering.Fokus vil være rettet mot selskaper innenfor olje og gass, teknologi,underholdning, markedsføring, klær og mote, med høyt potensial forvekst og derfor også høy risiko..', 'Subject: Empower Your Investments with Cutting-Edge Microservices Courses

Dear KRI INVESTIMENTOS AS,

We understand that your forte lies in rendering strategic advice to publicly traded and private companies both nationally and globally, with pivotal focus areas in sales, financing, marketing, strategy, organization building, and internationalization. Our mission aligns perfectly well with yours - powering growth, managing risks, and living on the edge of innovation.

We want to introduce our comprehensive range of Microservices courses tailored to IT businesses. Technological prowess today, particularly in IT, is no longer just about software or hardware – It''s about creating architectures that can adapt, scale, and weave the technology narrative of tomorrow. With a myriad of successful businesses under your purview, including those within technology, enhancing their microservices capabilities can bring about vast improvements in efficiency, flexibility, scalability, and speed to market.

Our Microservices training allows each of your investee companies to create independent, functioning services, each built around one particular business aspect. This agile approach empowers them to iterate and adapt at speed while maintaining high software quality. Our courses cover the fundamentals right to advanced practices, thereby catering to the entire spectrum of your portfolio companies - from startups hungry for knowledge to mature businesses yearning for innovation.

Investing in our Microservices course is not just about boosting the technological drive of your portfolio companies. It''s about creating a culture of continuous learning, fostering an environment that is future-ready, and above all, safeguarding your investments against the uncertain tides of the technology landscape.

Unleashing the power of microservices can transform your investments, upgrade their market position, and ultimately, maximise the return on your investments. Technology is advancing rapidly and staying ahead is no longer an option but a necessity.

Let''s get in touch to better understand how we can upskill your portfolio and prepare them for the future of technology, one microservice at a time. Be ready for the digital revolution!

Best regards,
[Your Name]
[Your Position]
[Your Contact Information]', 1);
INSERT INTO public.sales_pitch VALUES (4, '2024-12-12 11:33:54.827687', 'system', '2024-12-12 11:34:10.517818', 'system', 3, true, 'You are now going to generate a sales pitch for me. It should be written in English, and you should only provide me with the sales pitch and nothing more. The pitch is going to be sent via e-mail to a company called PDC SOLUTIONS AS. The product sold has the following description: null. Further, this is the activity of the company selling to: Utvikling og salg av programvare..', 'Subject: Revolutionize Your Company with Our High-End Software Solutions

Dear PDC Solutions AS,

We are reaching out today to offer you an exclusive opportunity to supercharge your business operations with our cutting-edge software technologies. Our company specializes in developing and selling top-notch software solutions designed to streamline business processes, enhance productivity, and ultimately drive success.

At the heart of our offering is an unparalleled drive towards innovation - we are confident that the versatile, user-friendly, and technically superior nature of our software will bring significant value to your company. Our expertly engineered technology is robust, secure, and designed with scalability in mind to support the growth of businesses like yours without missing a beat.

But we offer more than just software. We provide an end-to-end business solution, designed to evolve and adapt as your company does. Join the multitude of customers who have experienced a massive return-on-investment after partnering with us.

We understand that in your line of work, having the right software solutions is more than a privilege, it''s a necessity. We''re fully committed to being the reliable, long-term partner you need to keep your business running at peak performance.

Wouldn''t it be fantastic to focus more on your business''s strategic development while we take care of your software needs with our world-class applications? We''re offering you a reliable partnership, technological excellence, and undoubted transformation of your company''s efficiency and profitability.

We''re excited to join you on this journey to business optimization. Are you ready to take this step towards significant progress with us? Looking forward to your positive response.

Best Regards,
[Your Name]
[Position]
[Company Name]
[Contact Information]', 2);


--
-- Name: sales_pitch_salespitch_id_seq; Type: SEQUENCE SET; Schema: public; Owner: postgres
--

SELECT pg_catalog.setval('public.sales_pitch_salespitch_id_seq', 4, true);


--
-- Name: sales_pitch sales_pitch_pkey; Type: CONSTRAINT; Schema: public; Owner: postgres
--

ALTER TABLE ONLY public.sales_pitch
    ADD CONSTRAINT sales_pitch_pkey PRIMARY KEY (salespitch_id);


--
-- PostgreSQL database dump complete
--



\connect ms_authentication


--
-- Name: account; Type: TABLE; Schema: public; Owner: postgres
--

CREATE TABLE public.account (
                                account_id bigint NOT NULL,
                                created_at timestamp(6) without time zone,
                                created_by character varying(255),
                                updated_at timestamp(6) without time zone,
                                updated_by character varying(255),
                                email character varying(255),
                                password character varying(255),
                                username character varying(255)
);


ALTER TABLE public.account OWNER TO postgres;

--
-- Name: account_account_id_seq; Type: SEQUENCE; Schema: public; Owner: postgres
--

ALTER TABLE public.account ALTER COLUMN account_id ADD GENERATED BY DEFAULT AS IDENTITY (
    SEQUENCE NAME public.account_account_id_seq
    START WITH 1
    INCREMENT BY 1
    NO MINVALUE
    NO MAXVALUE
    CACHE 1
    );


--
-- Data for Name: account; Type: TABLE DATA; Schema: public; Owner: postgres
--

INSERT INTO public.account VALUES (1, '2024-12-12 11:24:04.719504', 'system', NULL, NULL, 'test@test.com', '$2a$10$nPVo.ZkMmqG2bPdh34W7ZOoe.xt0Jp5nMmLnaMQ.oAEkTYBzrcWWa', 'test');


--
-- Name: account_account_id_seq; Type: SEQUENCE SET; Schema: public; Owner: postgres
--

SELECT pg_catalog.setval('public.account_account_id_seq', 1, true);


--
-- Name: account account_pkey; Type: CONSTRAINT; Schema: public; Owner: postgres
--

ALTER TABLE ONLY public.account
    ADD CONSTRAINT account_pkey PRIMARY KEY (account_id);


--
-- PostgreSQL database dump complete
--




\connect ms_companymanager


--
-- Name: company; Type: TABLE; Schema: public; Owner: postgres
--

CREATE TABLE public.company (
                                id bigint NOT NULL,
                                created_at timestamp(6) without time zone,
                                created_by character varying(255),
                                updated_at timestamp(6) without time zone,
                                updated_by character varying(255),
                                aktivitet character varying(255)[],
                                email_addresses character varying(255)[],
                                hjemmeside character varying(255),
                                navn character varying(255),
                                organisasjonsnummer character varying(255),
                                phonenumbers character varying(255)[],
                                vedtektsfestet_formaal character varying(255)[],
                                workspace_id bigint
);


ALTER TABLE public.company OWNER TO postgres;

--
-- Name: company_id_seq; Type: SEQUENCE; Schema: public; Owner: postgres
--

ALTER TABLE public.company ALTER COLUMN id ADD GENERATED BY DEFAULT AS IDENTITY (
    SEQUENCE NAME public.company_id_seq
    START WITH 1
    INCREMENT BY 1
    NO MINVALUE
    NO MAXVALUE
    CACHE 1
    );


--
-- Name: message; Type: TABLE; Schema: public; Owner: postgres
--

CREATE TABLE public.message (
                                message_id bigint NOT NULL,
                                created_at timestamp(6) without time zone,
                                created_by character varying(255),
                                updated_at timestamp(6) without time zone,
                                updated_by character varying(255),
                                company_id bigint,
                                message character varying(20480),
                                sender character varying(255),
                                workspace_id bigint
);


ALTER TABLE public.message OWNER TO postgres;

--
-- Name: message_message_id_seq; Type: SEQUENCE; Schema: public; Owner: postgres
--

ALTER TABLE public.message ALTER COLUMN message_id ADD GENERATED BY DEFAULT AS IDENTITY (
    SEQUENCE NAME public.message_message_id_seq
    START WITH 1
    INCREMENT BY 1
    NO MINVALUE
    NO MAXVALUE
    CACHE 1
    );


--
-- Name: workspace; Type: TABLE; Schema: public; Owner: postgres
--

CREATE TABLE public.workspace (
                                  workspace_id bigint NOT NULL,
                                  created_at timestamp(6) without time zone,
                                  created_by character varying(255),
                                  updated_at timestamp(6) without time zone,
                                  updated_by character varying(255),
                                  name character varying(255),
                                  owning_account_id bigint,
                                  product_description character varying(255)
);


ALTER TABLE public.workspace OWNER TO postgres;

--
-- Name: workspace_workspace_id_seq; Type: SEQUENCE; Schema: public; Owner: postgres
--

ALTER TABLE public.workspace ALTER COLUMN workspace_id ADD GENERATED BY DEFAULT AS IDENTITY (
    SEQUENCE NAME public.workspace_workspace_id_seq
    START WITH 1
    INCREMENT BY 1
    NO MINVALUE
    NO MAXVALUE
    CACHE 1
    );


--
-- Data for Name: company; Type: TABLE DATA; Schema: public; Owner: postgres
--

INSERT INTO public.company VALUES (1, '2024-12-12 11:24:49.381072', '1', NULL, NULL, '{"Rådgiving for, samt direkte investeringer i, børsnoterte og private","selskaper i og utenfor Norge. Rådgivingen skal være av strategisk art","og hjelpe selskapet med å vokse i internasjonale markeder, med fokus","på Europa, USA og Sør-Amerika."," ","Mer spesifikt, skal rådgivingen være innen salg, finansiering,","markedsføring, strategi, organisasjonsbygging og internasjonalisering.","Fokus vil være rettet mot selskaper innenfor olje og gass, teknologi,","underholdning, markedsføring, klær og mote, med høyt potensial for","vekst og derfor også høy risiko."}', '{}', NULL, 'KRI INVESTIMENTOS AS', '918426469', '{}', '{"Investeringsvirksomhet i Norge og utlandet."}', 1);
INSERT INTO public.company VALUES (2, '2024-12-12 11:24:53.918119', '1', '2024-12-12 11:26:12.413896', 'system', '{"Bedriftsrådgivning og annen administrativ rådgivning."}', '{}', 'https://www.helv.no/valg-av-v1588939992279', 'HEL V AS', '920399894', '{}', '{"Bedriftsrådgivning og annen administrativ rådgivning."}', 1);
INSERT INTO public.company VALUES (3, '2024-12-12 11:33:38.928875', '1', '2024-12-12 11:33:48.074282', 'system', '{"Utvikling og salg av programvare."}', '{}', 'https://pdcs.no/', 'PDC SOLUTIONS AS', '927431149', '{}', '{"Selge varer og tjenester innen programvare - og annet som naturlig","sammenfaller med dette - samt deltakelse i andre selskaper,","investeringer og nærliggende virksomhet."}', 2);


--
-- Data for Name: message; Type: TABLE DATA; Schema: public; Owner: postgres
--

INSERT INTO public.message VALUES (1, '2024-12-12 11:27:54.024276', '1', NULL, NULL, 2, 'Subject: Empower Your IT Business with Robust Microservices Knowledge   Dear HEL V AS Team,  I hope this message finds you well and thriving in your endeavours. Our shared commitment to providing top-notch business advisory and administrative guidance is the reason I bring you an outstanding offering from our portfolio.  Introducing our highly acclaimed Microservices Courses. Tailored with precision for vibrant IT businesses such as yours, these courses are designed to boost your competency in this popular architectural approach, enabling you to efficiently develop and manage complex software systems.  As you may know, Microservices architecture is the backbone of the modern IT industry. It paves the way for building applications as a suite of small services, each running in its process and communicating via light-weight mechanisms. But that''s not all! It supports various languages and technologies, thus providing your business with the versatility that leads to innovation.  Our courses stand on three strong pillars: Empirical Learning, Industry Expertise and Practical Application. Our curriculum is updated to meet the latest industry standards, and our faculty are skilled professionals who have direct experience in the field. Moreover, we ensure that you get ample hands-on experience to cement your knowledge and confidently implement your learning in real-life situations.  Here''s a sneak peek into the impactful benefits that our Microservices courses bring to your team:   1. Enhanced Scalability: Equip your business with the ability to scale swiftly based on the need of specific services. 2. Increased Speed & Productivity: Decreases complexity, boosting your team''s development speed and productivity. 3. Robustness & Flexibility: The modular structure promotes adaptability, ensuring your systems are resilient even when changes are made.  Our goal is to empower your team with the right skillsets to be at the forefront of the IT business landscape. By investing in these Microservices courses, you''re strengthening your commitment to deliver unmatched services to your clients and driving the growth and scalability of your business.  Invest in your business''s future with our Microservices courses. Tap into the game-changing field of Microservices to craft a road to success in the IT industry.   We sincerely look forward to contributing to your growth and prosperity. Please feel free to contact us for any further information regarding the courses or to schedule a callback.  Best Regards, [Your Name] [Your Position]', 'me', 1);
INSERT INTO public.message VALUES (2, '2024-12-12 11:28:01.755586', '1', NULL, NULL, 2, 'We''re not itnerested, but thank you a lot!', 'them', 1);


--
-- Data for Name: workspace; Type: TABLE DATA; Schema: public; Owner: postgres
--

INSERT INTO public.workspace VALUES (2, '2024-12-12 11:24:25.427088', '1', NULL, NULL, 'Office furniture selling', 1, NULL);
INSERT INTO public.workspace VALUES (1, '2024-12-12 11:24:13.671524', '1', '2024-12-12 11:24:43.091706', '1', 'Course Selling', 1, 'Selling courses in Microservices to IT businesses');


--
-- Name: company_id_seq; Type: SEQUENCE SET; Schema: public; Owner: postgres
--

SELECT pg_catalog.setval('public.company_id_seq', 3, true);


--
-- Name: message_message_id_seq; Type: SEQUENCE SET; Schema: public; Owner: postgres
--

SELECT pg_catalog.setval('public.message_message_id_seq', 2, true);


--
-- Name: workspace_workspace_id_seq; Type: SEQUENCE SET; Schema: public; Owner: postgres
--

SELECT pg_catalog.setval('public.workspace_workspace_id_seq', 2, true);


--
-- Name: company company_pkey; Type: CONSTRAINT; Schema: public; Owner: postgres
--

ALTER TABLE ONLY public.company
    ADD CONSTRAINT company_pkey PRIMARY KEY (id);


--
-- Name: message message_pkey; Type: CONSTRAINT; Schema: public; Owner: postgres
--

ALTER TABLE ONLY public.message
    ADD CONSTRAINT message_pkey PRIMARY KEY (message_id);


--
-- Name: workspace workspace_pkey; Type: CONSTRAINT; Schema: public; Owner: postgres
--

ALTER TABLE ONLY public.workspace
    ADD CONSTRAINT workspace_pkey PRIMARY KEY (workspace_id);


--
-- PostgreSQL database dump complete
--

